"id","province","city","county","data_year","detail","created_at","updated_at"
1,湖南省,永州市,新田县,"2026","{""1"": [""0510"", ""0520""], ""2"": [""0621"", ""0630""], ""3"": [""0802"", ""0812""], ""4"": [""0908"", ""0914""], ""5"": [""0920"", ""0920""]}","2026-04-27 01:26:23","2026-04-27 01:26:23"
2,湖南省,益阳市,桃江县,"2026","{""1"": [""0509"", ""0513""], ""2"": [""0610"", ""0615""], ""3"": [""0710"", ""0714""], ""4"": [""0803"", ""0807""], ""5"": [""0817"", ""0821""], ""6"": [""0905"", ""0909""], ""7"": [""0919"", ""0922""]}","2026-04-27 01:26:23","2026-04-27 01:26:23"
3,湖南省,湘潭市,湘乡市,"2026","{""1"": [""0513"", ""0516""], ""2"": [""0621"", ""0623""], ""3"": [""0707"", ""0710""], ""4"": [""0806"", ""0809""], ""5"": [""0908"", ""0910""], ""6"": [""0920"", ""0923""]}","2026-04-27 01:26:23","2026-04-27 01:26:23"
4,湖南省,岳阳市,华容县,"2026","{""1"": [""0508"", ""0512""], ""2"": [""0617"", ""0620""], ""3"": [""0715"", ""0718""], ""4"": [""0807"", ""0810""], ""5"": [""0820"", ""0824""], ""6"": [""0908"", ""0911""], ""7"": [""0921"", ""0924""]}","2026-04-27 01:26:23","2026-04-27 01:26:23"
5,湖南省,岳阳市,平江县,"2026","{""1"": [""0512"", ""0518""], ""2"": [""0708"", ""0714""], ""3"": [""0803"", ""0809""], ""4"": [""0824"", ""0830""], ""5"": [""0905"", ""0910""], ""6"": [""0921"", ""0926""]}","2026-04-27 01:26:23","2026-04-27 01:26:23"
6,湖南省,常德市,安乡县,"2026","{""1"": [""0518"", ""0520""], ""2"": [""0713"", ""0715""], ""3"": [""0803"", ""0805""], ""4"": [""0825"", ""0827""], ""5"": [""0911"", ""0913""], ""6"": [""0925"", ""0925""]}","2026-04-27 01:26:23","2026-04-27 01:26:23"
7,湖南省,岳阳市,湘阴县,"2026","{""1"": [""0509"", ""0515""], ""2"": [""0614"", ""0620""], ""3"": [""0712"", ""0718""], ""4"": [""0811"", ""0817""], ""5"": [""0818"", ""0822""], ""6"": [""0912"", ""0918""], ""7"": [""0922"", ""0926""]}","2026-04-27 01:26:23","2026-04-27 01:26:23"
8,湖南省,衡阳市,衡南县,"2026","{""1"": [""0509"", ""0513""], ""2"": [""0610"", ""0616""], ""3"": [""0711"", ""0716""], ""4"": [""0806"", ""0811""], ""5"": [""0827"", ""0831""], ""6"": [""0904"", ""0908""], ""7"": [""0918"", ""0922""]}","2026-04-27 01:26:23","2026-04-27 01:26:23"
9,湖南省,娄底市,娄星区,"2026","{""1"": [""0515"", ""0518""], ""2"": [""0611"", ""0615""], ""3"": [""0715"", ""0719""], ""4"": [""0813"", ""0817""], ""5"": [""0904"", ""0907""]}","2026-04-27 01:26:23","2026-04-27 01:26:23"
10,湖南省,益阳市,资阳区,"2026","{""1"": [""0511"", ""0515""], ""2"": [""0610"", ""0615""], ""3"": [""0706"", ""0712""], ""4"": [""0807"", ""0811""], ""5"": [""0818"", ""0822""], ""6"": [""0908"", ""0915""], ""7"": [""0922"", ""0925""]}","2026-04-27 01:26:23","2026-04-27 01:26:23"
11,湖南省,株洲市,茶陵县,"2026","{""1"": [""0511"", ""0518""], ""2"": [""0613"", ""0617""], ""3"": [""0709"", ""0714""], ""4"": [""0807"", ""0812""], ""5"": [""0907"", ""0911""], ""6"": [""0917"", ""0924""]}","2026-04-27 01:26:23","2026-04-27 01:26:23"
12,湖南省,怀化市,通道县,"2026","{""1"": [""0518"", ""0528""], ""2"": [""0528"", ""0612""], ""3"": [""0709"", ""0716""], ""4"": [""0802"", ""0807""]}","2026-04-27 01:26:23","2026-04-27 01:26:23"
13,湖南省,湘潭市,雨湖区,"2026","{""1"": [""0511"", ""0517""], ""2"": [""0611"", ""0618""], ""3"": [""0707"", ""0713""], ""4"": [""0810"", ""0816""], ""5"": [""0905"", ""0907""], ""6"": [""0922"", ""0925""]}","2026-04-27 01:26:23","2026-04-27 01:26:23"
14,湖南省,永州市,双牌县,"2026","{""1"": [""0510"", ""0518""], ""2"": [""0612"", ""0623""], ""3"": [""0711"", ""0720""], ""4"": [""0814"", ""0820""], ""5"": [""0819"", ""0829""]}","2026-04-27 01:26:23","2026-04-27 01:26:23"
15,湖南省,郴州市,汝城县,"2026","{""1"": [""0428"", ""0505""], ""2"": [""0606"", ""0610""], ""3"": [""0915"", ""0920""]}","2026-04-27 01:26:23","2026-04-27 01:26:23"
16,湖南省,郴州市,宜章县,"2026","{""1"": [""0507"", ""0517""], ""2"": [""0610"", ""0617""], ""3"": [""0801"", ""0810""], ""4"": [""0901"", ""0910""]}","2026-04-27 01:26:23","2026-04-27 01:26:23"
17,湖南省,岳阳市,汨罗市,"2026","{""1"": [""0505"", ""0511""], ""2"": [""0611"", ""0617""], ""3"": [""0713"", ""0720""], ""4"": [""0809"", ""0815""], ""5"": [""0818"", ""0824""], ""6"": [""0905"", ""0911""], ""7"": [""0920"", ""0925""]}","2026-04-27 01:26:23","2026-04-27 01:26:23"
18,湖南省,永州市,祁阳县,"2026","{""1"": [""0505"", ""0510""], ""2"": [""0618"", ""0623""]}","2026-04-27 01:26:23","2026-04-27 01:26:23"
19,湖南省,株洲市,攸县,"2026","{""1"": [""0507"", ""0510""], ""2"": [""0613"", ""0617""], ""3"": [""0704"", ""0708""], ""4"": [""0802"", ""0805""], ""5"": [""0819"", ""0822""], ""6"": [""0921"", ""0924""]}","2026-04-27 01:26:23","2026-04-27 01:26:23"
20,湖南省,湘西土家族苗族自治州,凤凰县,"2026","{""1"": [""0507"", ""0520""], ""2"": [""0625"", ""0629""], ""3"": [""0706"", ""0713""], ""4"": [""0725"", ""0815""]}","2026-04-27 01:26:23","2026-04-27 01:26:23"
21,湖南省,益阳市,大通湖区,"2026","{""1"": [""0512"", ""0516""], ""2"": [""0615"", ""0619""]}","2026-04-27 01:26:23","2026-04-27 01:26:23"
22,湖南省,张家界市,永定区,"2026","{""1"": [""0512"", ""0517""], ""2"": [""0618"", ""0624""], ""3"": [""0714"", ""0720""], ""4"": [""0805"", ""0810""], ""5"": [""0816"", ""0824""], ""6"": [""0821"", ""0910""]}","2026-04-27 01:26:23","2026-04-27 01:26:23"
23,湖南省,怀化市,沅陵县,"2026","{""1"": [""0425"", ""0510""], ""2"": [""0610"", ""0620""], ""3"": [""0712"", ""0719""], ""4"": [""0815"", ""0822""]}","2026-04-27 01:26:23","2026-04-27 01:26:23"
24,湖南省,娄底市,涟源市,"2026","{""1"": [""0512"", ""0518""], ""2"": [""0610"", ""0615""], ""3"": [""0715"", ""0720""], ""4"": [""0811"", ""0817""], ""5"": [""0908"", ""0915""]}","2026-04-27 01:26:23","2026-04-27 01:26:23"
25,湖南省,永州市,东安县,"2026","{""1"": [""0511"", ""0520""], ""2"": [""0801"", ""0810""]}","2026-04-27 01:26:23","2026-04-27 01:26:23"
26,湖南省,邵阳市,邵阳县,"2026","{""1"": [""0515"", ""0524""], ""2"": [""0614"", ""0618""], ""3"": [""0712"", ""0718""], ""4"": [""0804"", ""0810""], ""5"": [""0823"", ""0829""]}","2026-04-27 01:26:23","2026-04-27 01:26:23"
27,湖南省,娄底市,双峰县,"2026","{""1"": [""0513"", ""0518""], ""2"": [""0613"", ""0616""], ""3"": [""0712"", ""0716""], ""4"": [""0808"", ""0812""], ""5"": [""0906"", ""0910""], ""6"": [""0925"", ""0930""]}","2026-04-27 01:26:23","2026-04-27 01:26:23"
28,湖南省,常德市,桃源县,"2026","{""1"": [""0512"", ""0515""], ""2"": [""0604"", ""0610""], ""3"": [""0703"", ""0709""], ""4"": [""0809"", ""0813""], ""5"": [""0821"", ""0825""], ""6"": [""0921"", ""0930""]}","2026-04-27 01:26:23","2026-04-27 01:26:23"
29,湖南省,衡阳市,祁东县,"2026","{""1"": [""0512"", ""0518""], ""2"": [""0612"", ""0618""], ""3"": [""0705"", ""0710""], ""4"": [""0806"", ""0811""], ""5"": [""0908"", ""0914""], ""6"": [""0917"", ""0922""]}","2026-04-27 01:26:23","2026-04-27 01:26:23"
30,湖南省,衡阳市,衡山县,"2026","{""1"": [""0510"", ""0515""], ""2"": [""0607"", ""0612""], ""3"": [""0708"", ""0712""], ""4"": [""0804"", ""0809""], ""5"": [""0824"", ""0829""], ""6"": [""0901"", ""0908""], ""7"": [""0918"", ""0923""]}","2026-04-27 01:26:23","2026-04-27 01:26:23"
31,湖南省,永州市,冷水滩区,"2026","{""1"": [""0507"", ""0512""], ""2"": [""0609"", ""0614""], ""3"": [""0705"", ""0712""], ""4"": [""0810"", ""0815""], ""5"": [""0910"", ""0915""]}","2026-04-27 01:26:23","2026-04-27 01:26:23"
32,湖南省,岳阳市,岳阳县,"2026","{""1"": [""0508"", ""0512""], ""2"": [""0613"", ""0618""], ""3"": [""0712"", ""0716""], ""4"": [""0731"", ""0802""], ""5"": [""0822"", ""0825""], ""6"": [""0906"", ""0911""]}","2026-04-27 01:26:23","2026-04-27 01:26:23"
33,湖南省,郴州市,永兴县,"2026","{""1"": [""0506"", ""0511""], ""2"": [""0611"", ""0616""], ""3"": [""0711"", ""0718""], ""4"": [""0725"", ""0729""], ""5"": [""0913"", ""0918""]}","2026-04-27 01:26:23","2026-04-27 01:26:23"
34,湖南省,常德市,石门县,"2026","{""1"": [""0516"", ""0522""], ""2"": [""0620"", ""0623""], ""3"": [""0713"", ""0718""], ""4"": [""0811"", ""0814""], ""5"": [""0821"", ""0825""], ""6"": [""0831"", ""0906""], ""7"": [""0921"", ""0925""]}","2026-04-27 01:26:23","2026-04-27 01:26:23"
35,湖南省,益阳市,赫山区,"2026","{""1"": [""0508"", ""0513""], ""2"": [""0606"", ""0610""], ""3"": [""0706"", ""0711""], ""4"": [""0807"", ""0812""], ""5"": [""0824"", ""0828""], ""6"": [""0908"", ""0913""], ""7"": [""0916"", ""0920""]}","2026-04-27 01:26:23","2026-04-27 01:26:23"
36,湖南省,长沙市,长沙县,"2026","{""1"": [""0509"", ""0516""], ""2"": [""0609"", ""0614""], ""3"": [""0704"", ""0710""], ""4"": [""0807"", ""0812""]}","2026-04-27 01:26:23","2026-04-27 01:26:23"
37,湖南省,邵阳市,隆回县,"2026","{""1"": [""0517"", ""0525""], ""2"": [""0611"", ""0616""], ""3"": [""0706"", ""0711""], ""4"": [""0802"", ""0807""], ""5"": [""0818"", ""0822""], ""6"": [""0905"", ""0911""]}","2026-04-27 01:26:23","2026-04-27 01:26:23"
38,湖南省,常德市,鼎城区,"2026","{""1"": [""0512"", ""0517""], ""2"": [""0610"", ""0614""], ""3"": [""0712"", ""0717""], ""4"": [""0807"", ""0812""], ""5"": [""0819"", ""0823""], ""6"": [""0906"", ""0911""], ""7"": [""0921"", ""0929""]}","2026-04-27 01:26:23","2026-04-27 01:26:23"
39,湖南省,岳阳市,云溪区,"2026","{""1"": [""0512"", ""0520""], ""2"": [""0618"", ""0623""], ""3"": [""0719"", ""0727""]}","2026-04-27 01:26:23","2026-04-27 01:26:23"
40,湖南省,衡阳市,常宁市,"2026","{""1"": [""0511"", ""0518""], ""2"": [""0613"", ""0620""], ""3"": [""0709"", ""0714""], ""4"": [""0804"", ""0810""], ""5"": [""0822"", ""0822""], ""6"": [""0908"", ""0913""], ""7"": [""0919"", ""0926""]}","2026-04-27 01:26:23","2026-04-27 01:26:23"
41,湖南省,娄底市,新化县,"2026","{""1"": [""0514"", ""0520""], ""2"": [""0711"", ""0717""], ""3"": [""0812"", ""0818""], ""4"": [""0908"", ""0914""]}","2026-04-27 01:26:23","2026-04-27 01:26:23"
42,湖南省,邵阳市,洞口县,"2026","{""1"": [""0509"", ""0515""], ""2"": [""0611"", ""0617""], ""3"": [""0706"", ""0713""], ""4"": [""0729"", ""0804""], ""5"": [""0820"", ""0826""], ""6"": [""0909"", ""0916""], ""7"": [""0921"", ""0930""]}","2026-04-27 01:26:23","2026-04-27 01:26:23"
43,湖南省,衡阳市,耒阳市,"2026","{""1"": [""0515"", ""0521""], ""2"": [""0611"", ""0617""], ""3"": [""0704"", ""0708""], ""4"": [""0802"", ""0809""], ""5"": [""0907"", ""0912""]}","2026-04-27 01:26:23","2026-04-27 01:26:23"
44,湖南省,衡阳市,衡阳县,"2026","{""1"": [""0510"", ""0514""], ""2"": [""0609"", ""0613""], ""3"": [""0704"", ""0708""], ""4"": [""0803"", ""0807""], ""5"": [""0902"", ""0907""], ""6"": [""0919"", ""0923""]}","2026-04-27 01:26:23","2026-04-27 01:26:23"
45,湖南省,常德市,临澧县,"2026","{""1"": [""0511"", ""0516""], ""2"": [""0615"", ""0621""], ""3"": [""0709"", ""0713""], ""4"": [""0806"", ""0810""], ""5"": [""0819"", ""0822""], ""6"": [""0908"", ""0912""], ""7"": [""0924"", ""0930""]}","2026-04-27 01:26:23","2026-04-27 01:26:23"
46,湖南省,长沙市,宁乡市,"2026","{""1"": [""0509"", ""0514""], ""2"": [""0611"", ""0615""], ""3"": [""0708"", ""0713""], ""4"": [""0805"", ""0810""], ""5"": [""0818"", ""0824""], ""6"": [""0907"", ""0912""], ""7"": [""0922"", ""0926""]}","2026-04-27 01:26:23","2026-04-27 01:26:23"
47,湖南省,邵阳市,武冈市,"2026","{""1"": [""0525"", ""0530""], ""2"": [""0612"", ""0618""], ""3"": [""0710"", ""0715""], ""4"": [""0810"", ""0815""]}","2026-04-27 01:26:23","2026-04-27 01:26:23"
48,湖南省,永州市,江永县,"2026","{""1"": [""0510"", ""0518""], ""2"": [""0617"", ""0625""], ""3"": [""0807"", ""0816""], ""4"": [""0821"", ""0831""], ""5"": [""0915"", ""0925""], ""6"": [""0919"", ""0930""]}","2026-04-27 01:26:23","2026-04-27 01:26:23"
49,湖南省,益阳市,沅江市,"2026","{""1"": [""0515"", ""0518""], ""2"": [""0616"", ""0620""], ""3"": [""0712"", ""0716""], ""4"": [""0808"", ""0811""]}","2026-04-27 01:26:23","2026-04-27 01:26:23"
50,湖南省,常德市,澧县,"2026","{""1"": [""0512"", ""0516""], ""2"": [""0612"", ""0617""], ""3"": [""0711"", ""0717""], ""4"": [""0808"", ""0813""], ""5"": [""0822"", ""0830""], ""6"": [""0921"", ""0930""]}","2026-04-27 01:26:23","2026-04-27 01:26:23"
51,湖南省,怀化市,靖州县,"2026","{""1"": [""0519"", ""0527""], ""2"": [""0603"", ""0610""], ""3"": [""0717"", ""0725""], ""4"": [""0806"", ""0812""]}","2026-04-27 01:26:23","2026-04-27 01:26:23"
52,湖南省,郴州市,嘉禾县,"2026","{""1"": [""0512"", ""0519""], ""2"": [""0613"", ""0619""], ""3"": [""0714"", ""0720""], ""4"": [""0908"", ""0912""]}","2026-04-27 01:26:23","2026-04-27 01:26:23"
53,湖南省,邵阳市,新宁县,"2026","{""1"": [""0512"", ""0520""], ""2"": [""0614"", ""0620""], ""3"": [""0718"", ""0725""], ""4"": [""0809"", ""0815""]}","2026-04-27 01:26:23","2026-04-27 01:26:23"
54,湖南省,长沙市,望城区,"2026","{""1"": [""0510"", ""0515""], ""2"": [""0613"", ""0617""], ""3"": [""0717"", ""0722""], ""4"": [""0808"", ""0812""], ""5"": [""0909"", ""0915""]}","2026-04-27 01:26:23","2026-04-27 01:26:23"
55,湖南省,怀化市,辰溪县,"2026","{""1"": [""0514"", ""0527""], ""2"": [""0620"", ""0627""], ""3"": [""0710"", ""0716""], ""4"": [""0820"", ""0826""]}","2026-04-27 01:26:23","2026-04-27 01:26:23"
56,湖南省,邵阳市,新邵县,"2026","{""1"": [""0514"", ""0519""], ""2"": [""0609"", ""0615""], ""3"": [""0713"", ""0718""]}","2026-04-27 01:26:23","2026-04-27 01:26:23"
57,湖南省,长沙市,浏阳市,"2026","{""1"": [""0512"", ""0516""], ""2"": [""0617"", ""0622""], ""3"": [""0712"", ""0716""], ""4"": [""0811"", ""0814""], ""5"": [""0822"", ""0826""], ""6"": [""0911"", ""0915""], ""7"": [""0921"", ""0925""]}","2026-04-27 01:26:23","2026-04-27 01:26:23"
58,湖南省,湘潭市,湘潭县,"2026","{""1"": [""0512"", ""0515""], ""2"": [""0615"", ""0617""], ""3"": [""0710"", ""0712""], ""4"": [""0808"", ""0810""], ""5"": [""0820"", ""0822""], ""6"": [""0906"", ""0908""], ""7"": [""0920"", ""0923""]}","2026-04-27 01:26:23","2026-04-27 01:26:23"
59,湖南省,永州市,零陵区,"2026","{""1"": [""0508"", ""0510""], ""2"": [""0615"", ""0617""], ""3"": [""0712"", ""0714""], ""4"": [""0808"", ""0810""], ""5"": [""0821"", ""0823""]}","2026-04-27 01:26:23","2026-04-27 01:26:23"
60,湖南省,益阳市,南县,"2026","{""1"": [""0514"", ""0519""], ""2"": [""0623"", ""0628""], ""3"": [""0713"", ""0717""], ""4"": [""0802"", ""0806""], ""5"": [""0821"", ""0827""], ""6"": [""0908"", ""0912""], ""7"": [""0922"", ""0928""]}","2026-04-27 01:26:23","2026-04-27 01:26:23"
61,湖南省,郴州市,安仁县,"2026","{""1"": [""0516"", ""0520""], ""2"": [""0616"", ""0621""], ""3"": [""0705"", ""0710""], ""4"": [""0805"", ""0809""], ""5"": [""0817"", ""0821""], ""6"": [""0909"", ""0917""]}","2026-04-27 01:26:23","2026-04-27 01:26:23"
62,湖南省,怀化市,新晃侗族自治县,"2026","{""1"": [""0520"", ""0530""], ""2"": [""0608"", ""0614""], ""3"": [""0711"", ""0716""], ""4"": [""0803"", ""0809""]}","2026-04-27 01:26:23","2026-04-27 01:26:23"
63,湖南省,怀化市,溆浦县,"2026","{""1"": [""0517"", ""0526""], ""2"": [""0618"", ""0622""], ""3"": [""0705"", ""0713""], ""4"": [""0725"", ""0804""]}","2026-04-27 01:26:23","2026-04-27 01:26:23"
64,湖南省,郴州市,资兴市,"2026","{""1"": [""0513"", ""0522""], ""2"": [""0609"", ""0616""], ""3"": [""0806"", ""0815""], ""4"": [""0816"", ""0823""], ""5"": [""0915"", ""0925""]}","2026-04-27 01:26:23","2026-04-27 01:26:23"
65,湖南省,湘潭市,韶山市,"2026","{""1"": [""0514"", ""0519""], ""2"": [""0614"", ""0617""], ""3"": [""0706"", ""0710""], ""4"": [""0807"", ""0810""], ""5"": [""0908"", ""0910""]}","2026-04-27 01:26:23","2026-04-27 01:26:23"
66,湖南省,永州市,道县,"2026","{""1"": [""0513"", ""0517""], ""2"": [""0621"", ""0625""], ""3"": [""0715"", ""0720""], ""4"": [""0813"", ""0818""], ""5"": [""0816"", ""0822""], ""6"": [""0909"", ""0915""]}","2026-04-27 01:26:23","2026-04-27 01:26:23"
67,湖南省,邵阳市,邵东市,"2026","{""1"": [""0518"", ""0522""], ""2"": [""0615"", ""0618""], ""3"": [""0707"", ""0710""], ""4"": [""0804"", ""0807""], ""5"": [""0819"", ""0822""], ""6"": [""0909"", ""0914""], ""7"": [""0922"", ""0925""]}","2026-04-27 01:26:23","2026-04-27 01:26:23"
68,湖南省,常德市,津市市,"2026","{""1"": [""0516"", ""0520""], ""2"": [""0611"", ""0617""], ""3"": [""0709"", ""0714""], ""4"": [""0803"", ""0814""], ""5"": [""0821"", ""0831""], ""6"": [""0902"", ""0908""], ""7"": [""0919"", ""0923""]}","2026-04-27 01:26:23","2026-04-27 01:26:23"
69,湖南省,怀化市,洪江市,"2026","{""1"": [""0520"", ""0530""], ""2"": [""0611"", ""0616""], ""3"": [""0708"", ""0714""], ""4"": [""0804"", ""0810""]}","2026-04-27 01:26:23","2026-04-27 01:26:23"
70,湖南省,郴州市,苏仙区,"2026","{""1"": [""0513"", ""0517""], ""2"": [""0701"", ""0710""], ""3"": [""0809"", ""0816""], ""4"": [""0911"", ""0920""]}","2026-04-27 01:26:23","2026-04-27 01:26:23"
71,湖南省,张家界市,慈利县,"2026","{""1"": [""0514"", ""0520""], ""2"": [""0614"", ""0621""], ""3"": [""0716"", ""0722""], ""4"": [""0820"", ""0825""]}","2026-04-27 01:26:23","2026-04-27 01:26:23"
72,湖南省,怀化市,芷江县,"2026","{""1"": [""0522"", ""0527""], ""2"": [""0611"", ""0616""], ""3"": [""0708"", ""0713""], ""4"": [""0731"", ""0805""]}","2026-04-27 01:26:23","2026-04-27 01:26:23"
73,湖南省,怀化市,中方县,"2026","{""1"": [""0518"", ""0526""], ""2"": [""0611"", ""0617""], ""3"": [""0706"", ""0714""], ""4"": [""0805"", ""0812""]}","2026-04-27 01:26:23","2026-04-27 01:26:23"
74,湖南省,怀化市,会同县,"2026","{""1"": [""0517"", ""0523""], ""2"": [""0608"", ""0615""], ""3"": [""0710"", ""0716""]}","2026-04-27 01:26:23","2026-04-27 01:26:23"
75,湖南省,湘西土家族苗族自治州,保靖县,"2026","{""1"": [""0611"", ""0622""], ""2"": [""0715"", ""0722""], ""3"": [""0815"", ""0818""]}","2026-04-27 01:26:23","2026-04-27 01:26:23"
76,湖南省,湘西土家族苗族自治州,泸溪县,"2026","{""1"": [""0523"", ""0527""], ""2"": [""0714"", ""0719""]}","2026-04-27 01:26:23","2026-04-27 01:26:23"
77,湖南省,怀化市,麻阳县,"2026","{""1"": [""0520"", ""0530""], ""2"": [""0611"", ""0616""], ""3"": [""0711"", ""0716""], ""4"": [""0806"", ""0812""]}","2026-04-27 01:26:23","2026-04-27 01:26:23"
78,湖南省,益阳市,安化县,"2026","{""1"": [""0519"", ""0525""], ""2"": [""0611"", ""0616""], ""3"": [""0705"", ""0712""], ""4"": [""0729"", ""0806""], ""5"": [""0819"", ""0823""], ""6"": [""0904"", ""0910""], ""7"": [""0921"", ""0930""]}","2026-04-27 01:26:23","2026-04-27 01:26:23"
79,湖南省,娄底市,冷水江市,"2026","{""1"": [""0519"", ""0524""], ""2"": [""0617"", ""0622""], ""3"": [""0712"", ""0717""], ""4"": [""0812"", ""0817""], ""5"": [""0910"", ""0916""], ""6"": [""0920"", ""0924""]}","2026-04-27 01:26:23","2026-04-27 01:26:23"
80,湖南省,湘西土家族苗族自治州,吉首市,"2026","{""1"": [""0613"", ""0620""], ""2"": [""0715"", ""0721""], ""3"": [""0805"", ""0809""]}","2026-04-27 01:26:23","2026-04-27 01:26:23"
81,湖南省,永州市,江华瑶族自治县,"2026","{""1"": [""0615"", ""0617""]}","2026-04-27 01:26:23","2026-04-27 01:26:23"
82,湖南省,永州市,蓝山县,"2026","{""1"": [""0430"", ""0507""], ""2"": [""0606"", ""0618""], ""3"": [""0711"", ""0720""], ""4"": [""0806"", ""0815""], ""5"": [""0901"", ""0910""]}","2026-04-27 01:26:23","2026-04-27 01:26:23"
83,湖南省,怀化市,鹤城区,"2026","{""1"": [""0525"", ""0530""], ""2"": [""0609"", ""0615""], ""3"": [""0710"", ""0716""], ""4"": [""0731"", ""0809""]}","2026-04-27 01:26:23","2026-04-27 01:26:23"
84,湖南省,永州市,宁远县,"2026","{""1"": [""0521"", ""0531""], ""2"": [""0621"", ""0630""], ""3"": [""0711"", ""0716""], ""4"": [""0818"", ""0829""]}","2026-04-27 01:26:23","2026-04-27 01:26:23"
85,湖南省,湘西土家族苗族自治州,龙山县,"2026","{""1"": [""0620"", ""0627""], ""2"": [""0718"", ""0725""]}","2026-04-27 01:26:23","2026-04-27 01:26:23"
86,湖南省,张家界市,桑植县,"2026","{""1"": [""0621"", ""0628""], ""2"": [""0711"", ""0718""]}","2026-04-27 01:26:23","2026-04-27 01:26:23"
87,湖南省,郴州市,北湖区,"2026","{""1"": [""0502"", ""0506""], ""2"": [""0616"", ""0618""], ""3"": [""0710"", ""0714""], ""4"": [""0823"", ""0827""], ""5"": [""0906"", ""0912""]}","2026-04-27 01:26:23","2026-04-27 01:26:23"
88,湖南省,岳阳市,岳阳楼区,"2026","{""1"": [""0716"", ""0721""]}","2026-04-27 01:26:23","2026-04-27 01:26:23"
89,湖南省,湘西土家族苗族自治州,古丈县,"2026","{""1"": [""0712"", ""0716""], ""2"": [""0815"", ""0820""], ""3"": [""0820"", ""0825""]}","2026-04-27 01:26:23","2026-04-27 01:26:23"
90,湖南省,湘西土家族苗族自治州,永顺县,"2026","{""1"": [""0718"", ""0724""]}","2026-04-27 01:26:23","2026-04-27 01:26:23"
91,湖南省,娄底市,娄底市,"2026","{""1"": [""0809"", ""0814""]}","2026-04-27 01:26:23","2026-04-27 01:26:23"
92,湖南省,湘西土家族苗族自治州,花垣县,"2026","{""1"": [""0721"", ""0731""], ""2"": [""0727"", ""0809""]}","2026-04-27 01:26:23","2026-04-27 01:26:23"
93,湖南省,衡阳市,衡东县,"2026","{""1"": [""0508"", ""0515""], ""2"": [""0608"", ""0613""], ""3"": [""0705"", ""0710""], ""4"": [""0905"", ""0911""]}","2026-04-27 01:26:23","2026-04-27 01:26:23"
94,湖南省,郴州市,桂东县,"2026","{""1"": [""0618"", ""0624""], ""2"": [""0805"", ""0805""]}","2026-04-27 01:26:23","2026-04-27 01:26:23"
95,湖南省,邵阳市,城步县,"2026","{""1"": [""0521"", ""0618""], ""2"": [""0711"", ""0717""], ""3"": [""0811"", ""0820""]}","2026-04-27 01:26:23","2026-04-27 01:26:23"
96,湖南省,郴州市,临武县,"2026","{""1"": [""0512"", ""0520""], ""2"": [""0621"", ""0630""]}","2026-04-27 01:26:23","2026-04-27 01:26:23"
97,湖南省,郴州市,桂阳县,"2026","{""1"": [""0614"", ""0619""], ""2"": [""0826"", ""0830""]}","2026-04-27 01:26:23","2026-04-27 01:26:23"
98,湖南省,邵阳市,绥宁县,"2026","{""1"": [""0515"", ""0525""], ""2"": [""0605"", ""0611""], ""3"": [""0706"", ""0711""]}","2026-04-27 01:26:23","2026-04-27 01:26:23"
99,湖南省,怀化市,新晃县,"2026","{""1"": [""0710"", ""0714""]}","2026-04-27 01:26:23","2026-04-27 01:26:23"
100,湖南省,岳阳市,临湘市,"2026","{""1"": [""0507"", ""0515""], ""2"": [""0608"", ""0615""], ""3"": [""0710"", ""0720""]}","2026-04-27 01:26:23","2026-04-27 01:26:23"
101,湖南省,常德市,汉寿县,"2026","{""1"": [""0510"", ""0516""], ""2"": [""0613"", ""0616""], ""3"": [""0707"", ""0714""]}","2026-04-27 01:26:23","2026-04-27 01:26:23"
102,湖南省,株洲市,醴陵市,"2026","{""1"": [""0713"", ""0717""], ""2"": [""0810"", ""0815""], ""3"": [""0912"", ""0917""]}","2026-04-27 01:26:23","2026-04-27 01:26:23"
